<?xml version="1.0" encoding="iso-8859-1"?>
<SAMLServiceConfiguration>
  <SAMLServiceLocation>http://hoffa.mirius.fgm.com:11013/SAMLService</SAMLServiceLocation>
  <DefaultIdentity>
    <Subject xmlns='urn:oasis:names:tc:SAML:1.0:assertion'>
      <NameIdentifier Format='urn:oasis:names:tc:SAML:1.1:nameid-format:X509SubjectName'>uid=xandy,ou=People,dc=mirius,dc=com</NameIdentifier>
      <SubjectConfirmation>
        <ConfirmationMethod>urn:oasis:names:tc:SAML:1.0:cm:sender-vouches</ConfirmationMethod>
      </SubjectConfirmation>
    </Subject>
    <Issuer>CN=cs-test, OU=DISA, OU=PKI, OU=DoD, O=U.S. Government, C=US</Issuer>
  </DefaultIdentity>
  <QueryAttributes>
    <AttributeDesignator xmlns='urn:oasis:names:tc:SAML:1.0:assertion'
      AttributeNamespace='mirius'
      AttributeName='uid' />
    <AttributeDesignator xmlns='urn:oasis:names:tc:SAML:1.0:assertion'
      AttributeNamespace='mirius'
      AttributeName='uidnumber' />
  </QueryAttributes>
</SAMLServiceConfiguration>
