<?xml version="1.0" encoding="iso-8859-1"?>

<services>


<!-- dev endpoints -->

  <service path="/inquiry_dev">
    <backend>
      <protocol>https</protocol>
      <host>ncesap.fgm.com</host>
      <port>58082</port>
      <path>/eProxy/service/UDDI_Inquiry_PortType_Proxy</path>
    </backend>
    <policy>
      <action>access</action>
      <resource>home/webservices</resource>
    </policy>
  </service>

  <service path="/security_dev">
    <backend>
      <protocol>https</protocol>
      <host>ncesap.fgm.com</host>
      <port>58082</port>
      <path>/eProxy/service/UDDI_Security_PortType_Proxy</path>
    </backend>
    <policy>
      <action>access</action>
      <resource>home/webservices</resource>
    </policy>
  </service>

  <service path="/publishing_dev">
    <backend>
      <protocol>https</protocol>
      <host>ncesap.fgm.com</host>
      <port>58082</port>
      <path>/eProxy/service/UDDI_Publication_PortType_Proxy</path>
    </backend>
    <policy>
      <action>access</action>
      <resource>home/webservices</resource>
    </policy>
  </service>
  

<!-- End of dev endpoints -->


<!-- Production endpoints -->

  <service path="/inquiry_prod">
    <backend>
      <protocol>https</protocol>
      <host>sdprodsys.fgm.com</host>
      <port>38082</port>
      <path>/eProxy/service/UDDI_Inquiry_PortType_Proxy</path>
    </backend>
    <policy>
      <action>access</action>
      <resource>home/webservices</resource>
    </policy>
  </service>

  <service path="/security_prod">
    <backend>
      <protocol>https</protocol>
      <host>sdprodsys.fgm.com</host>
      <port>38082</port>
      <path>/eProxy/service/UDDI_Security_PortType_Proxy</path>
    </backend>
    <policy>
      <action>access</action>
      <resource>home/webservices</resource>
    </policy>
  </service>

  <service path="/publishing_prod">
    <backend>
      <protocol>https</protocol>
      <host>sdprodsys.fgm.com</host>
      <port>38082</port>
      <path>/eProxy/service/UDDI_Publication_PortType_Proxy</path>
    </backend>
    <policy>
      <action>access</action>
      <resource>home/webservices</resource>
    </policy>
  </service>
  
<!-- End of Production endpoints -->


<!-- Test endpoints -->

  <service path="/inquiry_test">
    <backend>
      <protocol>https</protocol>
      <host>sdtestsys.fgm.com</host>
      <port>8443</port>
      <path>/wasp/uddi/inquiry</path>
    </backend>
    <policy>
      <action>access</action>
      <resource>home/webservices</resource>
    </policy>
  </service>

  <service path="/security_test">
    <backend>
      <protocol>https</protocol>
      <host>sdtestsys.fgm.com</host>
      <port>8443</port>
      <path>/wasp/uddi/security</path>
    </backend>
    <policy>
      <action>access</action>
      <resource>home/webservices</resource>
    </policy>
  </service>

  <service path="/publishing_test">
    <backend>
      <protocol>https</protocol>
      <host>sdtestsys.fgm.com</host>
      <port>8443</port>
      <path>/wasp/uddi/publishing</path>
    </backend>
    <policy>
      <action>access</action>
      <resource>home/webservices</resource>
    </policy>
  </service>
  

<!-- End of test endpoints -->


  <service path="/inquiry_test_ap">
    <backend>
      <protocol>http</protocol>
      <host>sdtestap.fgm.com</host>
      <port>38080</port>
      <path>/eProxy/service/UDDI_Inquiry_PortType_Proxy</path>
    </backend>
    <policy>
      <action>access</action>
      <resource>home/webservices</resource>
    </policy>
  </service>

  <service path="/security_test_ap">
    <backend>
      <protocol>http</protocol>
      <host>sdtestap.fgm.com</host>
      <port>38080</port>
      <path>/eProxy/service/UDDI_Security_PortType_Proxy</path>
    </backend>
    <policy>
      <action>access</action>
      <resource>home/webservices</resource>
    </policy>
  </service>

  <service path="/publishing_test_ap">
    <backend>
      <protocol>http</protocol>
      <host>/sdtestap.fgm.com</host>
      <port>38080</port>
      <path>/eProxy/service/UDDI_Publishing_PortType_Proxy</path>
    </backend>
    <policy>
      <action>access</action>
      <resource>home/webservices</resource>
    </policy>
  </service>

  <service path="/inquiry_prod_ssl">
    <backend>
      <protocol>https</protocol>
      <host>sdprodsys.fgm.com</host>
      <port>8443</port>
      <path>/wasp/uddi/inquiry</path>
    </backend>
    <policy>
      <action>access</action>
      <resource>home/webservices</resource>
    </policy>
  </service>
  

</services>
 